id,title,authors,type,location,date,link,axis
T004,PHASE BEHAVIOR OF MODEL LIVE OIL SYSTEMS WITH HIGH CO2 CONTENT,"Ana Paula P. Simoncelli, Wilfred Goméz, Rafael Charin, Felipe Fleming, Papa Matar, Frederico W. Tavares", Sessão Pôster A,,Segunda-feira 04/11,,"Petróleo, gás e combustíveis; Processos de separação"
T007,"CORRELATION AND PREDICTION OF SURFACE TENSION IN SINGLE AND MIXED AQUEOUS ELECTROLYTE SOLUTIONS BASED ON THE MEAN IONIC ACTIVITY COEFFICIENT: A COMPARATIVE ANALYSIS OF PITZER, E-NRTL AND E-UNIQUAC MODELS","Igor E. S. Lins, Natan S. Cruz, Gloria M. N. Costa, Silvio A. B. Vieira de Melo", Sessão Pôster A,,Segunda-feira 04/11,,"Petróleo, gás e combustíveis; Processos de separação"
T008,DETERMINAÇÃO DOS LIMITES DE INFLAMABILIDADE DE HIDROCARBONETOS POR MEIO DO CÁLCULO DO EQUILÍBRIO QUÍMICO,"Jéssica R. Galdini, Luciana Y. A. Silva", Sessão Pôster A,,Segunda-feira 04/11,,"Petróleo, gás e combustíveis; Processos de separação"
T010,MODELAGEM E SIMULAÇÃO DA PRECIPITAÇÃO DE ASFALTENOS POR INJEÇÃO DE CO2 VIA EQUILÍBRIO SÓLIDO-LÍQUIDO: AVALIAÇÃO DO EFEITO DO NÚMERO DE COMPONENTES DA CARACTERIZAÇÃO DA FRAÇÃO PESADA,"Isaias Evangelista Matos,  Victor B. Regueira,  Gloria M. N. Costa,  Silvio A. B. Vieira de Melo", Sessão Pôster A,,Segunda-feira 04/11,,"Petróleo, gás e combustíveis; Processos de separação"
T013,INFLUÊNCIA DE MODIFICAÇÕES NA FUNÇÃO ALPHA DE PENG-ROBINSON PARA DETERMINAÇÃO DO PONTO DE ORVALHO DE GASES NATURAIS,"André de Freitas Gonçalves, Andréa Oliveira da Costa", Sessão Pôster A,,Segunda-feira 04/11,,"Petróleo, gás e combustíveis; Processos de separação"
T019,ANÁLISE COMPARATIVA DOS SIMULADORES SPECS® E WINPROP® PARA O CÁLCULO DA PRESSÃO DE SATURAÇÃO E DA DENSIDADE DA MISTURA DE ÓLEO E CO2 USANDO A EQUAÇÃO SRK,"Monalisa de O. Rios, Ladislane S. Bastos, Verônica J. Pereira, Gloria M.N. Costa, Silvio A. B. Vieira de Melo", Sessão Pôster A,,Segunda-feira 04/11,,"Petróleo, gás e combustíveis; Processos de separação"
T030,SIMULAÇÃO DE ESCOAMENTOS EM MEIOS POROSOS UTILIZANDO O MÉTODO LATTICE BOLTZMANN,"Lucas G. M. de Moraes, Guilerme M. Lopes, Luís F. M. Franco", Sessão Pôster A,,Segunda-feira 04/11,,"Petróleo, gás e combustíveis; Processos de separação"
T040,AVALIAÇÃO DE POLÍMEROS NA QUEBRA DE EMULSÕES ÁGUA/ÓLEO DE PETRÓLEOS BRASILEIROS,"Raíssa S. Alves, Dayanne L. H. Maia, Fabiano A. N. Fernandes, Filipe X. Feitosa, Hosiberto B. de SantAna", Sessão Pôster A,,Segunda-feira 04/11,,"Petróleo, gás e combustíveis; Processos de separação"
T042,EFFECT OF CARBON DIOXIDE IN CRUDE OIL + METHANE MIXTURES AT TEMPERATURE FROM 343.15 TO 383.15 K,"José F. Romero Yanes, Filipe X. Feitosa, Hosiberto B. de SantAna", Sessão Pôster A,,Segunda-feira 04/11,,"Petróleo, gás e combustíveis; Processos de separação"
T044,EQUILÍBRIO DE FASES DE SISTEMAS CONSTITUÍDOS DE CO2 E HIDROCARBONETOS SATURADOS E AROMÁTICOS,"Lívia B. Meirelles, Arthur, J. O. Braga, Papa M. Ndiaye, Frederico W. Tavares, Erika C. A. N. Chrisman", Sessão Pôster A,,Segunda-feira 04/11,,"Petróleo, gás e combustíveis; Processos de separação"
T047,EXPERIMENTAL AND THERMODYNAMIC MODELING OF WAX PRECIPITATION FOR RESERVOIR FLUIDS WITH HIGH CO2 CONTENT AT HIGH PRESSURES,"Wilfred A. Gomez,  R. P. Carmo, V. M. Silva, Papa. M. Ndiaye,  F. W. Tavares", Sessão Pôster A,,Segunda-feira 04/11,,"Petróleo, gás e combustíveis; Processos de separação"
T048,EFEITO DE CONTAMINANTES PROVENIENTES DA PRODUÇÃO DE BIODIESEL SOBRE A ESTABILIDADE TÉRMICA DO GLICEROL,"Daniel Gonçalves, Lilian Bozzi Barbeiro, Eduardo Augusto Caldas Batista, Antonio José de Almeida Meirelles", Sessão Pôster A,,Segunda-feira 04/11,,"Petróleo, gás e combustíveis; Processos de separação"
T054,ESTUDO DA INFLUÊNCIA DA CONCENTRAÇÃO DE ÍONS NAS PROPRIEDADES TERMODINÂMICAS E DE TRANSPORTE DE SOLUÇÕES AQUOSAS DE CLORETO DE CÁLCIO,"Soares C R, Barreto A G, Loureiro, J B R, Tavares F W", Sessão Pôster A,,Segunda-feira 04/11,,"Petróleo, gás e combustíveis; Processos de separação"
T067,INVESTIGAÇÃO PREDITIVA DA FORMAÇÃO DE HIDRATO EM LINHA DE GÁS,"Jamille A. Fentanes, Thiago S. C. Santos, Rodrigo L. Meira, Glória M. N. Costa", Sessão Pôster A,,Segunda-feira 04/11,,"Petróleo, gás e combustíveis; Processos de separação"
T072,PONTO DE FULGOR DE MISTURAS BINÁRIAS DE ÉSTERES ETÍLICOS COM DODECANO,"Débora C. do Nascimento, Danilo Cesar Conti, Rafael M. Dias, Antonio Marinho, Mariana C. da Costa", Sessão Pôster A,,Segunda-feira 04/11,,"Petróleo, gás e combustíveis; Processos de separação"
T074,MODEL FOR DIFFUSIVITY AND VISCOSITY IN SIMPLE ORGANIC LIQUIDS BASED ON LATTICE-HOLE FRAMEWORK AND MOLECULAR DESCRIPTORS,"Rafael C. Santos, Ana P. Silva, Frederico W. Tavares, Amaro G. Barreto Jr., Nei Pereira Jr.", Sessão Pôster A,,Segunda-feira 04/11,,"Petróleo, gás e combustíveis; Processos de separação"
T075,HYSTERESIS ANALYSIS IN MESOPOROUS SOLIDS ADSORPTION CURVES: A COMPARISON BETWEEN THE NLDFT AND QSDFT TECHNIQUES IN THE PRODUCTION OF ADSORPTION ISOTHERMS DATA,"Vítor de Morais Sermoud, Gabriel Duarte Barbosa, Amaro Gomes Barreto Jr., Frederico Wanderley Tavares", Sessão Pôster A,,Segunda-feira 04/11,,"Petróleo, gás e combustíveis; Processos de separação"
T086,ESTUDO DE PROPRIEDADES INTERFACIAIS DE SISTEMAS ÁGUA/N-ALCANO/TENSOATIVOS VIA SIMULAÇÃO MOLECULAR,"Thiago J. P. dos Santos1,  Gabriel D. Barbosa, Charlles R. A. Abreu, Frederico W. Tavares", Sessão Pôster A,,Segunda-feira 04/11,,"Petróleo, gás e combustíveis; Processos de separação"
T090,ABSORÇÃO DOS GASES ÁCIDOS CO2 E H2S DE UMA CORRENTE DE GÁS NATURAL,"Ailton Freitas Balieiro Ferreira, Nelson de Souza Amorim", Sessão Pôster A,,Segunda-feira 04/11,,"Petróleo, gás e combustíveis; Processos de separação"
T102,USO DE REDES NEURAIS ARTIFICIAIS NA PREDIÇÃO DE DADOS DE EQUÍLIBRIO LÍQUIDO-VAPOR DE COMPOSTOS GRAXOS,"Edivaldo Bernardino de Melo, Lilian Bozzi Barbeiro, Tiago Dias Martins, Rafael Mauricio Matricarde Falleiro", Sessão Pôster A,,Segunda-feira 04/11,,"Petróleo, gás e combustíveis; Processos de separação"
T110,"PROPRIEDADES VOLUMÉTRICAS DE TRANSPORTE E DERIVADAS DE MISTURAS DE IGEPAL (CO-720, CA-720) E TOLUENO","Camila Leite Paiva, Regiane Silva Pinheiro, Filipe Xavier Feitosa, Hosiberto Batista de Sant'Ana", Sessão Pôster A,,Segunda-feira 04/11,,"Petróleo, gás e combustíveis; Processos de separação"
T114,DETERMINAÇAO DE DADOS DE PRESSÃO DE VAPOR DE COMPOSTOS GRAXOS INSATURADOS A PARTIR DO APERFEIÇOAMENTO DA TÉCNICA DE CALORIMETRIA EXPLORATÓRIA DIFERENCIAL,"Lilian Bozzi Barbeiro, Rafael Maurício Matricarde Falleiro, Antonio Jose de Almeida Meirelles", Sessão Pôster A,,Segunda-feira 04/11,,"Petróleo, gás e combustíveis; Processos de separação"
T115,AVALIAÇÃO DO MODELO ELECTROLYTE NRTL EM CÁLCULOS DE EQUILÍBRIO DE SISTEMAS COMPOSTOS POR HIDRATOS,"Leonardo T. Galdino, Iuri S. V. Segtovich, Amaro G. Barreto Jr., Frederico W. Tavares", Sessão Pôster A,,Segunda-feira 04/11,,"Petróleo, gás e combustíveis; Processos de separação"
T118,EXPERIMENTAL AND MODELLING THERMODYNAMIC STUDY OF MIXTURES CONTAINING CARBON DIOXIDE + METHANE + N-ALKANES,"Cliff Iuri de Souza Gonçalves, Gabriel Moraes Silva, Alexandre Jaime Mello Vieira, Papa Matar Ndiaye, Frederico Wanderley Tavares", Sessão Pôster A,,Segunda-feira 04/11,,"Petróleo, gás e combustíveis; Processos de separação"
T119,INVERSÃO BAROTRÓPICA EM SISTEMAS DIÓXIDO DE CARBONO E N-PARAFINA: ESTUDO EXPERIMENTAL E MODELAGEM TERMODINÂMICA,"Arthur J. O. Braga, Papa M. Ndiaye, Frederico W Tavares", Sessão Pôster A,,Segunda-feira 04/11,,"Petróleo, gás e combustíveis; Processos de separação"
T122,WATER CONTENT IN CO2-CH4 MIXTURES AT HIGH PRESSURE: EXPERIMENTAL DATA AND MODELING,"Thales C. S. Barbalho, Papa Matar Ndiaye, Frederico Wanderley Tavares", Sessão Pôster A,,Segunda-feira 04/11,,"Petróleo, gás e combustíveis; Processos de separação"
T123,PARAMETRIC ANALYSIS OF TWO-DIMENSIONAL EQUATION OF STATE USED TO PREDICT HIGH PRESSURE CO2 ADSORPTION ON FAUJASITE ZEOLITE,"Fernanda Pinzan, Mateus U. C. Braga, Esdras P. de Carvalho, Leonardo H. de Oliveira, Jailton F. do Nascimento, Pedro A. Arroyo", Sessão Pôster A,,Segunda-feira 04/11,,"Petróleo, gás e combustíveis; Processos de separação"
T126,ESTUDO DA VISCOSIDADE DE ÉSTERES DE CADEIA LONGA CONSTITUINTES DE BIODIESEIS COM A EQUAÇÃO DE ESTADO CÚBICA DE PENG-ROBINSON,"Juliana Silva Varandas, Arthur Benigno Weidmann, José da Paixão Lopes dos Santos", Sessão Pôster A,,Segunda-feira 04/11,,"Petróleo, gás e combustíveis; Processos de separação"
T127,ESTUDO DO COMPORTAMENTO DA VISCOSIDADE DE BIODIESEIS A PARTIR DA TEORIA DE EYRING E DE OUTROS MODELOS ACOPLADOS A EQUAÇÕES DE ESTADO CÚBICAS,"Arthur B. Weidmann, Juliana S. Varandas, José da Paixão L. Santos", Sessão Pôster A,,Segunda-feira 04/11,,"Petróleo, gás e combustíveis; Processos de separação"
T128,ABORDAGEM UNIFICADA PARA APLICAÇÃO DA TEORIA DE GRUPOS DE RENORMALIZAÇÃO EM EQUAÇÕES DE ESTADO,"Gabriel Moraes Silva, Charlles Rubber de Almeida Abreu, Frederico Wanderley Tavares", Sessão Pôster A,,Segunda-feira 04/11,,"Petróleo, gás e combustíveis; Processos de separação"
T133,DEVELOPMENT OF AN EFFICIENT ROUTINE FOR DEW POINT AND LIQUID DROPOUT PREDICTIONS FOR NATURAL GAS MIXTURES UNDER RESERVOIR CONDITIONS,"V. H. B. Simões, A. F. Young, V. R. R. Ahón, F. L. P. Pellegrini", Sessão Pôster A,,Segunda-feira 04/11,,"Petróleo, gás e combustíveis; Processos de separação"
T138,ESTUDO DA DISSOCIAÇÃO DE METANO EM CATALISADORES DE FE/ZSM-5 POR DFT,"Felipe G. Denardin, Andre R. Muniz, Oscar W. Perez-Lopez", Sessão Pôster A,,Segunda-feira 04/11,,"Petróleo, gás e combustíveis; Processos de separação"
T146,MODELAGEM PVT APLICADA ÀS INCLUSÕES FLUIDAS DE PETRÓLEO,"Túlio A. Freire, Frederico W. Tavares, Marcelo Castier", Sessão Pôster A,,Segunda-feira 04/11,,"Petróleo, gás e combustíveis; Processos de separação"
T153,ESTUDO DO EFEITO DE BLENDAS DE SOLVENTES EM AGLOMERADOS DE ASFALTENOS POR DINÂMICA MOLECULAR,"Kelly Fernandes Pessoa Laeber, Alexandre Nelson Martiniano Carauta, Peter Rudolf Seidl", Sessão Pôster A,,Segunda-feira 04/11,,"Petróleo, gás e combustíveis; Processos de separação"
T154,SIMULAÇÕES COMPUTACIONAIS DE MEMBRANAS DE POLI(URETANO-UREIA) COM APLICAÇÃO EM SEPARAÇÃO DE GASES,"Flávia C. A. Silva, Tuanan C. Lourenço, Rodrigo A. Reis, Luciano T. Costa", Sessão Pôster A,,Segunda-feira 04/11,,"Petróleo, gás e combustíveis; Processos de separação"
T160,ESTUDO DE PROPRIEDADES INTERFACIAIS DE SISTEMAS CONTENDO HIDROCARBONETOS E ÁGUA SALGADA NA AUSÊNCIA E NA PRESENÇA DE TENSOATIVOS NÃO IÔNICOS,"Diogo S. Duarte, Gabriele V. Santos, Nathalia S. V. Barbosa, Eduardo R. A. Lima", Sessão Pôster A,,Segunda-feira 04/11,,"Petróleo, gás e combustíveis; Processos de separação"
T175,INFLUÊNCIA DA CARACTERIZAÇÃO DO ASFALTENO NO CÁLCULO DO ONSET DE PRECIPITAÇÃO E DO ENVELOPE DE FASES COM A EQUAÇÃO DE ESTADO CPA,"Fabio P. Nascimento, Glória M. N. Costa, Silvio A. B. Vieira de Melo", Sessão Pôster A,,Segunda-feira 04/11,,"Petróleo, gás e combustíveis; Processos de separação"
T192,MODELAGEM DA DETERMINAÇÃO DE DADOS DE EQUILÍBRIO SÓLIDO-LÍQUIDO POR MEIO DE CALORIMETRIA EXPLORATÓRIA DIFERENCIAL,"Rui L. Gonçalves, Pedro A. Pessoa Filho", Sessão Pôster A,,Segunda-feira 04/11,,"Petróleo, gás e combustíveis; Processos de separação"
T196,ESTIMAÇÃO DE PROPRIEDADES PVT DE ÓLEOS VIVOS NAFTÊNICOS POR EQUAÇÕES EMPÍRICAS E INTELIGÊNCIA ARTIFICIAL,"Flavio P. B. Lins Junior, Luciana L. de Pinho, Krishnaswamy Rajagopal", Sessão Pôster A,,Segunda-feira 04/11,,"Petróleo, gás e combustíveis; Processos de separação"
T199,DINÂMICA MOLECULAR REATIVA DA OXIDAÇÃO DE MISTURAS RICAS DE ETANOL E O2/N2 OU O2/CO2,"Sarah Arvelos, Carla Eponina Hori", Sessão Pôster A,,Segunda-feira 04/11,,"Petróleo, gás e combustíveis; Processos de separação"
T200,PRESSÃO MÍNIMA DE MISCIBILIDADE DE FLUIDOS DE RESERVATÓRIOS DE PETRÓLEO POR SIMULAÇÃO DE ESCOAMENTO EM MEIO POROSO HOMOGENEO,"Danilo Andrade Ribeiro, Krishnaswamy Rajagopal, Rogério Fernandes Lacerda", Sessão Pôster A,,Segunda-feira 04/11,,"Petróleo, gás e combustíveis; Processos de separação"
T202,TESTING VARIOUS MIXING RULES FOR CALCULATION OF SPEED OF SOUND OF COMPRESSED MIXTURES AT OIL RESERVOIR CONDITION,"David C. Santos, Isaque Gonçalves, Ana Mehl, Paulo Couto", Sessão Pôster A,,Segunda-feira 04/11,,"Petróleo, gás e combustíveis; Processos de separação"
T206,PROPRIEDADES VOLUMÉTRICAS DE MISTURAS DE BIOQUEROSENE COM QUEROSENE DE AVIAÇÃO,"Idila R. C. Gonçalves, Krishnaswamy Rajagopal, Silvia M. Z. Sebrão", Sessão Pôster A,,Segunda-feira 04/11,,"Petróleo, gás e combustíveis; Processos de separação"
T208,EXTRAÇÃO LÍQUIDO-LÍQUIDO COMO PRÉ-PROCESSO NA OBTENÇÃO DE ETANOL HIDRATADO,"Gabriel M. K. Pitombeira, Elias de S. Monteiro Filho, Fábio R. M. Batista, Sonja R. Hau", Sessão Pôster A,,Segunda-feira 04/11,,"Petróleo, gás e combustíveis; Processos de separação"
T209,ANÁLISE DO COMPORTAMENTO INTERFACIAL DE EMULSÕES DE ÓLEOS COMBUSTÍVEIS UTILIZANDO DESEMULSIFICANTE COMERCIAL E LÍQUIDO IÔNICO COM APLICAÇÃO DE MODELOS DE ADSORÇÃO,"Everton Lourenço, Manuela Gonçalves, Ayslan da Costa, Hosana Ávila, Douglas Alves, Elton Franceschi", Sessão Pôster A,,Segunda-feira 04/11,,"Petróleo, gás e combustíveis; Processos de separação"
T210,CARACTERIZAÇÃO FÍSICO-QUÍMICA DOS ÓLEOS LUBRIFICANTES UTILIZANDO A TÉCNICA DE INFRAVERMELHO PRÓXIMO,"Josefa M. Goncalves, Ayslan S. P. da Costa, Hosana Ávila, Douglas Alves, Everton Lourenço, Elton Franceschi", Sessão Pôster A,,Segunda-feira 04/11,,"Petróleo, gás e combustíveis; Processos de separação"
T211,DESIGN AND PRELIMINARY COST ANALYSIS OF GAS COMPRESSION SYSTEM IN PLATFORMS: EFFECT OF THERMODYNAMIC MODELING,"Henrique H. Costa, Josenilton F. Romão, Pedro H. R. Alijó, Giovani C. Nunes, André L. H. Costa", Sessão Pôster A,,Segunda-feira 04/11,,"Petróleo, gás e combustíveis; Processos de separação"
T214,"SOLID-LIQUID EQUILIBRIUM OF THE TERNARY SYSTEM FORMED BY ETHYL LAURATE, ETHYL PALMITATE AND DECYLBENZENE","Maria Dolores R. Fuentes, Larissa C. B. A. Bessa, Antonio J. A. Meirelles, Pedro A. Pessoa Filho", Sessão Pôster A,,Segunda-feira 04/11,,"Petróleo, gás e combustíveis; Processos de separação"
T216,"ESTUDO DO COMPORTAMENTO DE FASES DE UMA MISTURA N- HEPTANO, N-DODECANO E DIÓXIDO DE CARBONO ATRAVÉS DA CÉLULA PVT VISUAL","Carine Allebrandt, Ana Clara Cazarin, Ian Hovell, Krishnaswamy Rajagopal", Sessão Pôster A,,Segunda-feira 04/11,,"Petróleo, gás e combustíveis; Processos de separação"
T217,AVALIAÇÃO DO INÍCIO DA PRECIPITAÇÃO DE ASFALTENOS EM ÓLEO MODELO E ESTUDO DO EFEITO DA TEMPERATURA EM UM PETRÓLEO DO ESTRANGEIRO,"Mischelle Paiva dos Santos, Eduardo Rocha de Almeida Lima, Márcio Luiz Lyra Paredes", Sessão Pôster A,,Segunda-feira 04/11,,"Petróleo, gás e combustíveis; Processos de separação"
T218,CARACTERIZAÇÃO INTERFACIAL E SUPERFICIAL DE FRAÇÕES ASFÁLTICAS DE PETRÓLEO,"Iago Filipe Silva de Oliveira, Larissa Gomes, André Polloni, Juliana Faccin de Conto, Elton Franceschi, Gustavo Borges", Sessão Pôster A,,Segunda-feira 04/11,,"Petróleo, gás e combustíveis; Processos de separação"
T219,LUBRICANT OILS FRACTIONATION USING LIQUEFIED GASES,"Pablo E. Hegel, Sabrina B. Rodriguez Reartes, Marcelo S. Zabaloy", Sessão Pôster A,,Segunda-feira 04/11,,"Petróleo, gás e combustíveis; Processos de separação"
T225,EFICIÊNCIA DE INIBIDORES DE INCURSTAÇÃO E DE HIDRATOS COMBINADOS NA INCRUSTAÇÃO DE CACO3 EM SOLUÇÕES AQUOSAS,"Marcela O. Meneses, Fabiane S. Serpa, Bruno B. Castro, Gustavo R. Borges, Elton Franceschi, Cláudio Dariva", Sessão Pôster A,,Segunda-feira 04/11,,"Petróleo, gás e combustíveis; Processos de separação"
T235,EFEITO DE VARIAÇÃO DE COMPOSIÇÃO DURANTE AMOSTRAGEM NA MEDIÇÃO DE PRESSÃO DE MISCIBILIDADE DE FLUIDOS DE RESERVATÓRIOS,"Alexandre Jaime Mello Vieira, Krishnaswamy Rajagopal, Frederico Wanderley Tavares", Sessão Pôster A,,Segunda-feira 04/11,,"Petróleo, gás e combustíveis; Processos de separação"
T237,MOLECULAR THERMODYNAMICS FOR WATER-IN-OIL MICROEMULSIONS: AN EXPERIMENTAL-MODELING APPROACH,"Gabriel D. Barbosa, Carla L. M. Camargo, Lia B. S. Balestrin, Olivia C. C. Poltronieri, Frederico W. Tavares", Sessão Pôster A,,Segunda-feira 04/11,,"Petróleo, gás e combustíveis; Processos de separação"
T240,EFEITO DA ESPECIFICIDADE IÔNICA NA MOBILIDADE ELETROFORÉTICA DE NANOPARTÍCULAS DE CARBONATO DE CÁLCIO,"Vanessa P. Lages, Juliana B. R. Loureiro, Amaro G. Barreto", Sessão Pôster A,,Segunda-feira 04/11,,"Petróleo, gás e combustíveis; Processos de separação"
T244,DESENVOLVIMENTO DE MODELAGEM MATEMÁTICA PARA ANÁLISE DO DESEMPENHO RELATIVO DE DESEMULSIFICANTES,"Darlan P. Chagas, Ádyla K.C. Chagas, Eduardo R. A. Lima, André L. H. Costa", Sessão Pôster A,,Segunda-feira 04/11,,"Petróleo, gás e combustíveis; Processos de separação"
T245,AVALIAÇÃO DO CICLO DE REFRIGERAÇÃO EM DIVERSAS ROTAÇÕES DO COMPRESSOR DE UMA BANCADA DIDÁTICA DE ANÁLISE TERMODINÂMICA,Diogo da Silva Oliveira, Sessão Pôster A,,Segunda-feira 04/11,,"Petróleo, gás e combustíveis; Processos de separação"
T259,WHY DO WE USE STOCHSTIC OPTIMIZATION METHODS? A STUDY ON PARAMETER ESTIMATION FOR THERMODYNAMIC MODELING,"Rafael Pereira do Carmo, Iuri Soter Viana Segtovich, Frederico Wanderley Tavares", Sessão Pôster A,,Segunda-feira 04/11,,"Petróleo, gás e combustíveis; Processos de separação"
T262,"ELECTRICAL DOUBLE-LAYER AND WETTABILITY OF BRINE, CALCITE, AND OIL INTERFACES","Nathalia S. V. Barbosa, Pedro H. R. Alijó, Eduardo R. A. Lima, Frederico W. Tavares", Sessão Pôster A,,Segunda-feira 04/11,,"Petróleo, gás e combustíveis; Processos de separação"
T273,STUDY OF THE CRITICAL SOLUBILITY PARAMETER OF SYNTHETIC MIXTURES OF SOLVENTS + AGED ASPHALTENE,"Rafael N. G. dos Santos, Larissa O. Fortes, Eduardo R. A. Lima, Marcio L. L. Paredes", Sessão Pôster A,,Segunda-feira 04/11,,"Petróleo, gás e combustíveis; Processos de separação"
T274,THEORETICAL-EXPERIMENTAL COMPARISON OF ASTM D86 DISTILLATION CURVES OF SYNTHETIC MIXTURES: EVALUATION OF MODIFICATIONS PROPOSED BY THE LITERATURE,"Rafael N. G. dos Santos, Eduardo R. A. Lima, Márcio L. L. Paredes", Sessão Pôster A,,Segunda-feira 04/11,,"Petróleo, gás e combustíveis; Processos de separação"
T275,OBTAINING THE INTERFACIAL DILATATIONAL MODULE AND ANALYSIS OF THE CONCENTRATION OF RESINS AND ASPHALTENS,"Rafael N. G. dos Santos, Patricia B. Ximango, Márcio L. L. Paredes, Eduardo R. A. Lima", Sessão Pôster A,,Segunda-feira 04/11,,"Petróleo, gás e combustíveis; Processos de separação"
T280,DESCRIPTION OF SOLID-FLUID EQUILIBRIUM THROUGH A RIGOROUSLY DERIVED SOLID SOLUTION MODEL,"Andrés F. Porras Giraldo, S. Belén Rodriguez-Reartes, Marcelo S. Zabaloy, BALLIANO, Tatiane L. ", Sessão Pôster A,,Segunda-feira 04/11,,"Petróleo, gás e combustíveis; Processos de separação"
T281,AVALIAÇÃO DA PRECIPITAÇÃO DE SAIS INORGÂNICOS EM SOLUÇÕES AQUOSAS CONTENDO INIBIDOR DE HIDRATO,"Elvio B. M. Filho, Gabriela M. Silva, Fabiane S. Serpa, Leonardo S. Pereira, Jailton F. Nascimento, Gustavo Borges", Sessão Pôster A,,Segunda-feira 04/11,,"Petróleo, gás e combustíveis; Processos de separação"
T289,COMPRESSIBILIDADE ISOTÉRMICA DAS MISTURAS DE BIOQUEROSENE COM QUEROSENE DE AVIAÇÃO,"Luis Augusto Medeiros Rutledge, Idila R. C. Gonçalves, Krishnaswamy Rajagopal", Sessão Pôster A,,Segunda-feira 04/11,,"Petróleo, gás e combustíveis; Processos de separação"
T292,MODELLING CO2 SOLUBILITY IN POLAR SOLVENTS WITH CPA EOS,"Luis A. FollegattiRomero, Cláudio A. Oller do Nascimento, Georgios M. Kontogeorgis, Xiaodong Liang", Sessão Pôster A,,Segunda-feira 04/11,,"Petróleo, gás e combustíveis; Processos de separação"
T294,ESTUDO EXPERIMENTAL DE SOLUBILIDADE DE DIÓXIDO DE CARBONO EM SISTEMAS AQUOSOS NA PRESENÇA DE CARBONATOS E MEG,"Caíque C. dos Santos, Fabiane S. Serpa, Leonardo S. Pereira, Jailton F. Nascimento, Gustavo R. Borges, Cláudio Dariva", Sessão Pôster A,,Segunda-feira 04/11,,"Petróleo, gás e combustíveis; Processos de separação"
T298,ANÁLISE PARAMÉTRICA DA TERMODINÂMICA DE PROCESSO PARA GERAÇÃO DE ENERGIA EM USINA TERMELÉTRICA A GÁS NATURAL,"Lucas Neves de Almeida, João Carlos Ferreira Almeida de Sá, Luiz Antônio de Oliveira Chaves", Sessão Pôster A,,Segunda-feira 04/11,,"Petróleo, gás e combustíveis; Processos de separação"
T304,PROPOSING SURROGATE FUELS FOR BRAZILIAN GASOLINES BASED ON VISCOSITY MODELLING,"Aline P. Brandão, Rosana J. Martins, Luiz Sérgio R. Lamego", Sessão Pôster A,,Segunda-feira 04/11,,"Petróleo, gás e combustíveis; Processos de separação"
T307,PURIFICAÇÃO DE BIODIESEL UTILIZANDO LÍQUIDOS IÔNICOS,"Sabrina Sarkis de Andrade, Diego Batista Valim, Guilherme José Maximo, Grazielle dos Santos Silva Andrade, Marlus Pinheiro Rolemberg", Sessão Pôster A,,Segunda-feira 04/11,,"Petróleo, gás e combustíveis; Processos de separação"
T308,OTIMIZAÇÃO DA REAÇÃO DE TRANSESTERIFICAÇÃO UTILIZANDO UMA RESINA ANIÔNICA FORTEMENTE BÁSICA COMO CATALISADOR HETEROGÊNEO,"Ramon S. B. Ferreira, Eduardo A. C. Batista", Sessão Pôster A,,Segunda-feira 04/11,,"Petróleo, gás e combustíveis; Processos de separação"
T310,HYDROGEN NANOLEAKAGE IN A GRAPHENE MEMBRANE VIA MOLECULAR DYNAMICS,"Jhefferson L. Schiavini, Jeconias R. Guimarães", Sessão Pôster A,,Segunda-feira 04/11,,"Petróleo, gás e combustíveis; Processos de separação"
T311,MODELAGEM DA ESPECIAÇÃO DE CO2 E AVALIAÇÃO DOS EFEITOS DE TEMPERATURA E PRESSÃO NO SISTEMA CO2-H2O,"Gerson Francisco da Silva Junior, Amaro Gomes Barreto Junior, Juliana Braga Rodrigues Loureiro, Caio Felippe Curitiba Marcellos", Sessão Pôster A,,Segunda-feira 04/11,,"Petróleo, gás e combustíveis; Processos de separação"
T003,VAPOR-LIQUID EQUILIBRIA OF PSEUDO-BINARY SYSTEMS CONTAINING DEEP EUTECTIC SOLVENTS BASED ON CHOLINE CHLORIDE AND GLYCEROL,"Giselle A. L. Souza, Luciana Y. A. Silva, Patrícia F. M. Martinez",SESSÃO PÔSTER B,,Terça-feira 05/11,,Processos de separação; Termoquímica
T006,EQUATIONS OF STATE BASED ON MOLECULAR SIMULATIONS FOR PURE CONFINED FLUIDS AND THEIR MIXTURES,"Mariana A. Almeida, Gabriel D. Barbosa, Leonardo Travalloni, Frederico W. Tavares",SESSÃO PÔSTER B,,Terça-feira 05/11,,Processos de separação; Termoquímica
T015,ANÁLISE EXPERIMENTAL E MODELAGEM TERMODINÂMICA DO EQUILÍBRIO LÍQUIDO-VAPOR DO SISTEMA METANOL E PALMITATO DE METILA,"Nian Vieira Freire, Pedro Felipe Arce Castillo",SESSÃO PÔSTER B,,Terça-feira 05/11,,Processos de separação; Termoquímica
T016,LIQUID-LIQUID EQUILIBRIA PREDICTION USING  PENG-ROBINSON EQUATION OF STATE WITH PARAMETERS ESTIMATED FOR VAPOR-LIQUID EQUILIBRIA,"Antonio R. Azevedo, André F. Young, Victor R. R. Ahón, Luiz F. P. Pessoa",SESSÃO PÔSTER B,,Terça-feira 05/11,,Processos de separação; Termoquímica
T017,SOLUBILIDADE EM EXCESSO DO ÁCIDO NICOTÍNICO EM SOLUÇÕES HIDROALCOÓLICAS A DIFERENTES TEMPERATURAS,"Alessandro C. Galvão, Weber S. Robazza, Thaiany D. Machado, Dilian H. Hagemann, Caroline A. L. França, Karine Varnier, Dionatan F. H. Coleti",SESSÃO PÔSTER B,,Terça-feira 05/11,,Processos de separação; Termoquímica
T028,SOLUBILIDADE DA XILOSE EM SOLUÇÕES LÍQUIDAS BINÁRIAS FORMADAS POR ÁGUA E GLICÓIS A DIFERENTES TEMPERATURAS,"Caroline Azeredo Luiz de França, Alessandro Cazonatto Galvão, Weber da Silva Robazza, Patrícia Gotardo Machado, Layze Vitoria Barbosa, Dilian Henrique Hagemann, Karine Varnier",SESSÃO PÔSTER B,,Terça-feira 05/11,,Processos de separação; Termoquímica
T029,EQUILÍBRIO LÍQUIDO-LÍQUIDO APLICADO À PRODUÇÃO E PURIFICAÇÃO DO BIOCOMBUSTÍVEL 2-METILFURANO,"Leila C. Moreira, Luis A. Follegatti-Romero",SESSÃO PÔSTER B,,Terça-feira 05/11,,Processos de separação; Termoquímica
T032,MODELAGEM MATEMÁTICA DO PROCESSO DE EXTRAÇÃO SUPERCRÍTICA DE OLEORRESINA DE SUBPRODUTO DO DESPOLPAMENTO DE JALAPENHO,"Ana Carolina F. Soldan, Sarah Arvelos, Erika O. Watanabe, Carla E. Hori",SESSÃO PÔSTER B,,Terça-feira 05/11,,Processos de separação; Termoquímica
T033,DESENVOLVIMENTO DE UMA EQUAÇÃO DE ESTADO A PARTIR DA TEORIA DE PERTURBAÇÃO DE TRÊS CORPOS,"Amanda M. Rosa, Luís F. M. Franco",SESSÃO PÔSTER B,,Terça-feira 05/11,,Processos de separação; Termoquímica
T036,AVALIAÇÃO DO COEFICIENTE DE PARTIÇÃO DOS ÁCIDOS CAFEICO E P-CUMÁRICO A PARTIR DO SISTEMA AQUOSO BIFÁSICO ETANOL+SULFATO DE AMÔNIO + ÁGUA A 298 K. ,"Giovana C. A. Netto, Fernanda Paludetto Pelaquim, Mariana Conceição da Costa",SESSÃO PÔSTER B,,Terça-feira 05/11,,Processos de separação; Termoquímica
T041,"DETERMINAÇÃO EXPERIMENTAL E MODELAGEM DA TENSÃO SUPERFICIAL DE SOLUÇÕES AQUOSAS DE FORMATO, ACETATO, PROPIONATO E BEZOATO DE SÓDIO EM T = (293,15-323,15) K","Paula R. M. Costa , Frederico R. do Carmo , Hosiberto B. de SantŽAna ",SESSÃO PÔSTER B,,Terça-feira 05/11,,Processos de separação; Termoquímica
T043,"DENSITIES, EXCESS VOLUME AND DERIVATIVE PROPERTIES FOR BINARY AND TERNARY MIXTURES OF CARBON DIOXIDE, N-DECANE AND NAPHTHALENE UNDER HIGH PRESSURE AND TEMPERATURE","Angélica M. Chacón Valero,  Filipe X. Feitosa, Hosiberto B. de SantAna",SESSÃO PÔSTER B,,Terça-feira 05/11,,Processos de separação; Termoquímica
T046,AJUSTE DO MODELO DE MÚLTIPLAS SOLUÇÕES SÓLIDAS A PARTIR DE DADOS EXPERIMENTAIS DE DSC PARA MISTURAS SINTÉTICAS DE PARAFINAS,"Wilfred A. Gomez,  R. P. Carmo , V. M. Silva, Papa. M. Ndiaye,  F. W. Tavares",SESSÃO PÔSTER B,,Terça-feira 05/11,,Processos de separação; Termoquímica
T049,AVALIAÇÃO DA CAPACIDADE ADSORTIVA DA BIOMASSA GERADA DA Terminalia Cappata Linn NO TRATAMENTO DE EFLUENTES,"Lizeth Vanessa Amado Jurado, Gabriela Machado Chemp, Marisa Fernandes Mendes",SESSÃO PÔSTER B,,Terça-feira 05/11,,Processos de separação; Termoquímica
T050,AVALIAÇÃO DO CARVÃO ATIVADO PRODUZIDO A PARTIR DA CASCA DA SEMENTE DA SERINGUEIRA COMO ADSORVENTE NO TRATAMENTO DE EFLUENTES,"Eliana Z. Megale, Matheus S. P. Carneiro, Francisco E. A. Catunda Jr., Marisa F. Mendes",SESSÃO PÔSTER B,,Terça-feira 05/11,,Processos de separação; Termoquímica
T052,EQUILÍBRIO DE FASES DE MONOETILENO GLICOL + ÁLCOOL + N-ALCANO: ESTUDO EXPERIMENTAL E MODELAGEM TERMODINÂMICA,"Vanessa A. Mascietti, Wilfred A. Gomez, Ana P. P. Simoncelli, Papa M. Ndiaye, Frederico W. Tavares",SESSÃO PÔSTER B,,Terça-feira 05/11,,Processos de separação; Termoquímica
T058,SIMPLIFICAÇÃO DA REGRA DE MISTURA SCMR E ESTIMAÇÃO DO PARÂMETRO DE DENSIDADE ADIMENSIONAL ÓTIMO PARA O CÁLCULO DE EQUILÍBRIO DE FASES,"Nicholas C. Oliveira, Paula B. Staudt, Rafael de P. Soares",SESSÃO PÔSTER B,,Terça-feira 05/11,,Processos de separação; Termoquímica
T060,PREDIÇÃO DAS EFICIÊNCIAS ENERGÉTICAS E EXERGÉTICAS DE UM RESFRIADOR INDUSTRIAL TIPO SATÉLITE UTILIZADO NO PROCESSO DE PRODUÇÃO DE CLÍNQUER,"Gustavo H. Silva, Tulio F. Anacleto, Letícia F. Turetta, Andréa O. S. Costa",SESSÃO PÔSTER B,,Terça-feira 05/11,,Processos de separação; Termoquímica
T063,"ESTUDO DO EQUILÍBRIO LÍQUIDO-LÍQUIDO DE SISTEMAS AQUOSOS BIFÁSICOS COMPOSTOS POR 2-PROPANOL, SAIS DE SÓDIO E ÁGUA: EXPERIMENTAL E MODELAGEM","Pedro Souza, Igor Julião, Eugênia Macedo, Marisa Mendes",SESSÃO PÔSTER B,,Terça-feira 05/11,,Processos de separação; Termoquímica
T064,EQUILIBRÍO LÍQUIDO-VAPOR DO SISTEMA ISOPROPANOL-ÁGUA-GLICEROL À PRESSÃO ATMOSFÉRICA,"Igor B. Julião, Matheus V. Bessa, Pedro A. P. de Souza, Marisa F. Mendes",SESSÃO PÔSTER B,,Terça-feira 05/11,,Processos de separação; Termoquímica
T073,ESTUDO DA CAPACIDADE ADSORVENTE DO GENGIBRE (Zingiber officinale Roscoe) NO TRATAMENTO DE EFLUENTES DA INDÚSTRIA TÊXTIL,"Ana Carolina da Silva, Larissa de Souza Amaro, Marisa Fernandes Mendes",SESSÃO PÔSTER B,,Terça-feira 05/11,,Processos de separação; Termoquímica
T079,INFLUÊNCIA DO PROPILENOGLICOL NO EQUILÍBRIO LÍQUIDO-VAPOR DO SISTEMA ETANOL-ÁGUA A PRESSÃO ATMOSFÉRICA,"Luana Ferreira da Silva, Igor Barreto Julião, Cristiane de Souza Siqueira Pereira, Marisa Fernandes Mendes",SESSÃO PÔSTER B,,Terça-feira 05/11,,Processos de separação; Termoquímica
T081,CARACTERIZAÇÃO DE SOLVENTES EUTÉTICOS PROFUNDOS BASEADOS EM FOSFÔNIO VIA DINÂMICA MOLECULAR,"Arthur Mussi Luz, Charlles Rubber de Almeida Abreu, Jéssica Caroline da Silva Linhares Maciel",SESSÃO PÔSTER B,,Terça-feira 05/11,,Processos de separação; Termoquímica
T085,UM SCREENING DE SISTEMAS AQUOSOS BIFÁSICOS PARA A SEPARAÇÃO DE CORANTES DE INDUSTRIA TÊXTIL,"Luan Vittor Tavares Duarte de Alencar, Lais M.S. Passos, Cleide M. F. Soares, Álvaro S. Lima, Ranyere L. Souza",SESSÃO PÔSTER B,,Terça-feira 05/11,,Processos de separação; Termoquímica
T091,DESACIDIFICAÇÃO POR EXTRAÇÃO LÍQUIDO-LÍQUIDO DO ÓLEO DE PATAUÁ,"Débora T. V. Pereira, Ericsem Pereira, Marcela C. Ferreira, Julian Martínez, Antonio J. A. Meirelles, Guilherme J. Maximo",SESSÃO PÔSTER B,,Terça-feira 05/11,,Processos de separação; Termoquímica
T092,EQUILÍBRIO LÍQUIDO-LÍQUIDO DO SISTEMA ÓLEO DE PATAUÁ + ÁCIDO OLEICO + ETANOL ANIDRO A 25 °C,"Ericsem Pereira, Débora T. V. Pereira, Marcela C. Ferreira, Julian Martínez, Antonio J. A. Meirelles, Guilherme J. Maximo",SESSÃO PÔSTER B,,Terça-feira 05/11,,Processos de separação; Termoquímica
T101,PHASE BEHAVIOR DETERMINATION FOR CO2 + ACETONE + DIMETHYL SULFOXIDE AT HIGH PRESSURES,"Gryele K. P. Silva, Thiago V. Barros, Pedro F. A. Castillo, Vladimir F. Cabral, Lúcio Cardozo-Filho",SESSÃO PÔSTER B,,Terça-feira 05/11,,Processos de separação; Termoquímica
T103,INFLUÊNCIA DE PARÂMETROS OPERACIONAIS NA EFICIÊNCIA DE UMA COLUNA DE EXTRAÇÃO PULSADA E RECHEADA,"Ana Paula D. Bernardes, Luiz Mário N. Góis",SESSÃO PÔSTER B,,Terça-feira 05/11,,Processos de separação; Termoquímica
T105,STUDY OF AMMONIA SOLVATION IN RELINE BY MOLECULAR DYNAMICS SIMULATIONS,"Jéssica C. da S. L. Maciel, Charlles R. A. Abreu",SESSÃO PÔSTER B,,Terça-feira 05/11,,Processos de separação; Termoquímica
T108,CONTRIBUIÇÃO AO ESTUDO DO EQUILÍBRIO DE FASES DO TERNÁRIO ÁCIDO SALICÍLICO/ÁGUA/BUTANOL NAS TEMPERATURAS DE 333K E 353K,"Daniela de Melo Guimarães, Larissa Reis da Silva, Ricardo Francisco Pires, Sandra Cristina Dantas",SESSÃO PÔSTER B,,Terça-feira 05/11,,Processos de separação; Termoquímica
T109,ESTUDO DO HOLDUP DA FASE DISPERSA EM UMA COLUNA DE EXTRAÇÃO PULSADA COM RECHEIO,"Costa C. Jarlon, Peixoto M. Matheus, Sá B. Bruno, Mattedi Silvana, Gois N. Luiz Mário",SESSÃO PÔSTER B,,Terça-feira 05/11,,Processos de separação; Termoquímica
T116,AVALIAÇÃO DA ADSORÇÃO DE CAROTENOS DO ÓLEO DE PALMA HÍBRIDO EM RESINA POLIMÉRICA NOVA E REGENERADA,"Ludmila Prado Vidoca, Erislene Silva de Almeida, Marina Filardo Cardoso, Simone Monteiro e Silva",SESSÃO PÔSTER B,,Terça-feira 05/11,,Processos de separação; Termoquímica
T129,SIMULAÇÃO MOLECULAR DA ADSORÇÃO E TRANSPORTE DE GASES EM NOVAS NANOESTRUTURAS POROSAS DE CARBONO,"Vinícius Millán, André R. Muniz",SESSÃO PÔSTER B,,Terça-feira 05/11,,Processos de separação; Termoquímica
T137,MODELAGEM E SIMULAÇÃO TERMODINÂMICA DO EQUILÍBRIO DE FASES DE SISTEMAS BINÁRIOS CONTENDO COMPONENTES DO BIODIESEL A BAIXAS E ALTAS PRESSÕES,"Edson M. S. Igarashi, Nian V. Freire, Pedro F. Arce",SESSÃO PÔSTER B,,Terça-feira 05/11,,Processos de separação; Termoquímica
T143,ANÁLISE DO EFEITO BAROCALÓRICO EM BORRACHA NATURAL ATRAVÉS DE SIMULAÇÕES DE DINÂMICA MOLECULAR,"Caio M. Miliante, Augusto M. Christmann, Érik O. Usuda, William Imamura, Lucas S. Paixão, Alexandre M. G. Carvalho",SESSÃO PÔSTER B,,Terça-feira 05/11,,Processos de separação; Termoquímica
T144,LIQUID-LIQUID EQUILIBRIUM OF SHORT-CHAIN TRIACYLGLYCEROLS PLUS SOLVENT,"Arthur E. Pastore de Lima, Roberta Ceriani",SESSÃO PÔSTER B,,Terça-feira 05/11,,Processos de separação; Termoquímica
T150,AVALIAÇÃO DA INFLUÊNCIA DA TEMPERATURA NA DETERMINAÇÃO DOS PARÂMETROS DE SOLUBILIDADE UTILIZANDO A METODOLOGIA DE HANSEN,"Bruno Dias de Souza, Sampaio R. M., Marlus Pinheiro Rolemberg",SESSÃO PÔSTER B,,Terça-feira 05/11,,Processos de separação; Termoquímica
T156,"COMPORTAMENTO TERMODINÂMICO DO EQUILÍBRIO LÍQUIDO-VAPOR DE SISTEMAS TERNÁRIOS CONTENDO ÁGUA, METANOL E ACETONA (1.0 ATM) - EXPERIMENTAL E MODELAGEM","Alline Cristina Cunha Lisbôa, Franklin Dias Carvalho, Edson Massakazu de Souza Igarashi, Pedro Felipe Arce-Castillo",SESSÃO PÔSTER B,,Terça-feira 05/11,,Processos de separação; Termoquímica
T168,COMPORTAMENTO TERMODINÂMICO DO EQUILÍBRIO LÍQUIDO-LÍQUIDO DE SISTEMAS TERNÁRIOS À PRESSÃO ATMOSFÉRICA: EXPERIMENTAL E MODELAGEM,"Natália Inácio Lourenço, Edson Massakazu de Souza Igarashi, Pedro Felipe Arce-Castillo",SESSÃO PÔSTER B,,Terça-feira 05/11,,Processos de separação; Termoquímica
T169,EQUILÍBRIO LÍQUIDO-VAPOR DE MISTURAS DE PROPANO COM CRESÓIS EM ALTAS PRESSÕES UTILIZANDO EQUAÇÕES DE ESTADO CÚBICAS COM DIFERENTES REGRAS DE MISTURA,"Igor P. S. Pereira, André L. M. Nahes, Eduardo R. A. Lima, Pedro H. R. Alijó",SESSÃO PÔSTER B,,Terça-feira 05/11,,Processos de separação; Termoquímica
T173,SIMULAÇÃO DO PROCESSO DE DESTILAÇÃO DO MOSTO FERMENTADO UTILIZADO NA PRODUÇÃO DE CACHAÇA.,"João Vitor C. Gonçalves, Lorena P. Nascimento, Alan C. Almeida, Rodrigo F. R. Souza, Moisés T. Madureira, Cristiane S. S. Pereira",SESSÃO PÔSTER B,,Terça-feira 05/11,,Processos de separação; Termoquímica
T177,OBTENÇÃO DE COCRISTAIS DE CURCUMINA E TRANS-RESVERATROL UTILIZANDO TECNOLOGIA SUPERCRÍTICA,"Camila Dal Magro, Aline Elias dos Santos, J. Vladimir Oliveira, Marcelo Lanza, Gean P. S. Aguiar",SESSÃO PÔSTER B,,Terça-feira 05/11,,Processos de separação; Termoquímica
T180,"LIQUID-LIQUID EQUILIBRIUM OF SYSTEMS COMPOSED BY (ORTHO-, META-, PARA-CRESOL) + ETHANOL + WATER AT 298,15 K: EXPERIMENTAL AND MODELING","João F. C. Alves, Maurílio B. Mesquita, Pedro H. R. Alijó, Márcio L. L. Paredes",SESSÃO PÔSTER B,,Terça-feira 05/11,,Processos de separação; Termoquímica
T189,INFLUÊNCIA DE PARÂMETROS OPERACIONAIS NO COEFICIENTE DE TRANSFERÊNCIA DE MASSA DE UMA COLUNA DE EXTRAÇÃO PULSADA E RECHEADA,"Ana Paula D. Bernardes, Luiz Mário N. Góis",SESSÃO PÔSTER B,,Terça-feira 05/11,,Processos de separação; Termoquímica
T190,"DENSIDADE, VISCOSIDADE E TENSÃO SUPERFICIAL DE MISTURAS DE LÍQUIDOS IÔNICOS (2-HEAA E 2-HEAPE) ) EM PRESSÃO AMBIENTE E TEMPERATURAS ENTRE 293,15 E 373,15 K","Francisco M. T. Pereira Filho, Filipe X. Feitosa, Hosiberto B. de Sant'Ana",SESSÃO PÔSTER B,,Terça-feira 05/11,,Processos de separação; Termoquímica
T197,EQUILÍBRIO DE FASES DE SISTEMAS COMPOSTOS POR ÓLEO ESSENCIAL MODELO DE ALECRIM E SOLVENTE HIDROALCOÓLICO,"Camila Panzarin, Daniel Gonçalves, Cintia Bernardo Gonçalves, Christianne Elisabete da Costa Rodrigues",SESSÃO PÔSTER B,,Terça-feira 05/11,,Processos de separação; Termoquímica
T203,GROUP CONTRIBUTION METHODS TO PREDICT ENTHALPY VAPORIZATION OF AROMATIC AND TERPENE KETONES AT CONSTANT TEMPERATURE (298.15 K) AND AS FUNCTION OF REDUCED TEMPERATURE,"Fonseca L.A.A.P, Cremasco M.A",SESSÃO PÔSTER B,,Terça-feira 05/11,,Processos de separação; Termoquímica
T213,"OBTENÇÃO DE PARÂMETROS UNIQUAC-HOC PARA UMA UNIDADE DE EXTRAÇÃO DE 1,3-BUTADIENO COM NMP","Luana Sad Souto Maior, Williane Lopes Carneiro, Silvana Mattedi",SESSÃO PÔSTER B,,Terça-feira 05/11,,Processos de separação; Termoquímica
T226,CHOLINIUM CHLORIDE EFFECT AS ADJUVANT ON CONVENTIONAL AQUEOUS BIPHASIC SYSTEMS APPLIED TO BIOMOLECULES PARTITION,"Fabiane Oliveira Farias, José Pedro Wojeicchowski, Luciana Igarashi-Mafra, Marcos R. Mafra",SESSÃO PÔSTER B,,Terça-feira 05/11,,Processos de separação; Termoquímica
T227,STRATEGIES FOR SEPARATION AND PURIFICATION OF PHENOLIC COMPOUNDS FROM ROSEMARY (ROSMARINUS OFFICINALIS L.): DEEP EUTECTIC SOLVENTS AND AQUEOUS BIPHASIC SYSTEMS,"José Pedro Wojeicchowski, Fabiane Oliveira Farias, Flávia Batistão Cavalheiro, Natália Massaro da Silveira, Luciana Igarashi-Mafra, Marcos R. Mafra",SESSÃO PÔSTER B,,Terça-feira 05/11,,Processos de separação; Termoquímica
T228,DEEP EUTECTIC SOLVENTS-BASED AQUEOUS BIPHASIC SYSTEMS APPLIED TO BIOCOMPATIBLE SOLVENTS DEVELOPMENT: A BRIEF OVERVIEW,"Fabiane Oliveira Farias, Helena Passos, Luciana Igarashi-Mafra, João A.P. Coutinho, Marcos R. Mafra",SESSÃO PÔSTER B,,Terça-feira 05/11,,Processos de separação; Termoquímica
T232,USO DA SIMULAÇÃO MOLECULAR PARA PREDIÇÃO DO EQUILÍBRIO LÍQUIDO-VAPOR DE MISTURAS BINÁRIAS ENVOLVENDO O DIÓXIDO DE CARBONO,"Bruno F. Medeiros, Lucienne L. Romanielo",SESSÃO PÔSTER B,,Terça-feira 05/11,,Processos de separação; Termoquímica
T234,ESTUDO DA ADSORÇÃO DE CO2 SOBRE ESTRUTURAS BASEADAS EM GRAFENO E GRAFENO DOPADO COM NITROGÊNIO VIA TEORIA DO FUNCIONAL DA DENSIDADE,"Rafael R. Celin, Marcus V. J.Rocha,  Thiago Custódio, Celia M. Ronconi, Luciano T. Costa",SESSÃO PÔSTER B,,Terça-feira 05/11,,Processos de separação; Termoquímica
T236,ESTUDO DO EQUILÍBRIO LÍQUIDO-LÍQUIDO DE MISTURAS QUARTENÁRIAS CONTENDO CICLOHEXANO+BENZENO+DIMETILFORMAMIDA+TIOCIONATO DE SÓDIO,"Stephanie Lenhare, Stéphani Caroline Beneti, André Zuber, Andréia Fátima Zanette, Lúcio Cardozo Filho",SESSÃO PÔSTER B,,Terça-feira 05/11,,Processos de separação; Termoquímica
T251,AVALIAÇÃO DE DIFERENTES  CAMPOS DE FORÇA PARA DESCRIÇÃO DO EQUILÍBRIO LÍQUIDO VAPOR DA MISTURA BINÁRIA CH4-H2S E CO2-H2S,"Marcelo M. Pirete, C. G. Aimoli, Lucienne L. Romanielo",SESSÃO PÔSTER B,,Terça-feira 05/11,,Processos de separação; Termoquímica
T252,"ON THE RELATIONSHIP AMONG ISOPLETHS, THREE-PHASE LINES AND TWO-PHASE CONSTANT PHASE FRACTION
LINES FOR BINARY SYSTEMS","Matías J. Molina, Martín Cismondi, S. Belén Rodriguez-Reartes, Marcelo S. Zabaloy",SESSÃO PÔSTER B,,Terça-feira 05/11,,Processos de separação; Termoquímica
T255,"COEFICIENTES DE DISTRIBUIÇÃO DO ÓLEO EM SISTEMAS COMPOSTOS POR BORRA DE CAFÉ E SOLVENTES ALCOÓLICOS, A 80 °C","Tatiane Akemi Toda, Mariana M. Barreiro, Dayane C. G. Okiyama,  Maria Carolina Capellini, Christianne E. C. Rodrigues",SESSÃO PÔSTER B,,Terça-feira 05/11,,Processos de separação; Termoquímica
T256,MISTURAS DE SOLVENTES PARA EXTRAÇÃO DE ÓLEO DE FIBRA PRENSADA DE PALMA: INFLUÊNCIA SOBRE A TRANSFERÊNCIA DE ÁGUA E ÍNDICE DE RETENÇÃO,"Gabriela Lara Alvarenga, Maria Carolina Capellini, Maitê Sarria Cuevas, Christianne Elisabete da Costa Rodrigues",SESSÃO PÔSTER B,,Terça-feira 05/11,,Processos de separação; Termoquímica
T257,DETERMINAÇÃO DE COEFICIENTE DE PARTIÇÃO PARA O ÓLEO EM SISTEMAS COMPOSTOS POR SOJA LAMINADA OU MASSA EXPANDIDA DE SOJA E ETANOL A 60 ºC,"Maria C. Capellini, Rafaella F. Monteiro, Letícia A. de Oliveira, Tatiane A. Toda, Christianne E. C. Rodrigues",SESSÃO PÔSTER B,,Terça-feira 05/11,,Processos de separação; Termoquímica
T266,COMPUTATIONAL TOOL FOR AUTOMATIC SPECIATION CALCULATIONS OF AQUEOUS ELECTROLYTE SOLUTIONS,"Caio Felippe Curitiba Marcellos, Elvis do A. Soares, Juliana Braga Rodrigues Loureiro, Amaro G Barreto Jr",SESSÃO PÔSTER B,,Terça-feira 05/11,,Processos de separação; Termoquímica
T272,PREDICTION OF CO2 AND CH4 MIXTURE ADSORPTION ISOTHERMS ON NAY ZEOLITE AND ACTIVATED CARBON USING GRAND CANONICAL MONTE CARLO SIMULATION AND 3D LATTICE GAS MODEL,"Mateus U. C. Braga, Fernanda Pinzan, Leonardo H. de Oliveira, Jailton F. do Nascimento, Pedro A. Arroyo",SESSÃO PÔSTER B,,Terça-feira 05/11,,Processos de separação; Termoquímica
T277,ESTUDO HIDRODINÂMICO EM COLUNAS DE ABSORÇÃO GASOSA COM RECHEIO DE ANÉIS DE RASCHIG,"João Carlos F. Lima, Jamille C. de J. Rocha, Silvana Mattedi, Luiz Mário N. de Góis",SESSÃO PÔSTER B,,Terça-feira 05/11,,Processos de separação; Termoquímica
T279,HIGH-PRESSURE HYDROGENATION OF POLYBUTADIENE AT CONDITIONS FOUND FROM PHASE TRANSITIONS OF THE NON-REACTIVE SYSTEM POLYBUTADIENE + N-PENTANE + DIMETHYL ETHER + HYDROGEN,"Matías Menossi, Juan M. Milanesio, Andrés Ciolino, Lidia M. Quinzani, Marcelo S. Zabaloy",SESSÃO PÔSTER B,,Terça-feira 05/11,,Processos de separação; Termoquímica
T282,A STRATEGY TO COMPUTE CRITICAL SURFACES FOR HIGHLY ASYMMETRIC TERNARY SYSTEMS,"Gerardo O. Pisoni, Martín Cismondi, Marcelo S. Zabaloy",SESSÃO PÔSTER B,,Terça-feira 05/11,,Processos de separação; Termoquímica
T284,A THEORETICAL STUDY ON THE SIMULTANEOUS VAPOR LIQUID AND CHEMICAL EQUILIBRIA IN A HIGHLY RESTRICTED SYSTEM,"Matías J. Molina, S. Belén Rodriguez-Reartes, Marcelo S. Zabaloy, ",SESSÃO PÔSTER B,,Terça-feira 05/11,,Processos de separação; Termoquímica
T290,OTIMIZAÇÃO TERMODINÂMICA DE COLUNAS DE DESTILAÇÃO,"Lilian C. K. Biasi, Ana L. R. Romano, Roger J. Zemp, Antonio J. A. Meirelles",SESSÃO PÔSTER B,,Terça-feira 05/11,,Processos de separação; Termoquímica
T293,WATER ACTIVITIES AND PHYSICAL PROPERTIES OF THE (NH4)6Mo7O24 +PEG + H2O AND Na2MoO4?+ PEG +?H2O SYSTEM IN THE TEMPERATURE RANGE FROM 313.15 TO 333.15 K: EXPERIMENT AND MODELLING,"Francisca J. Justel, Grecia Villca, Yecid P. Jiménez",SESSÃO PÔSTER B,,Terça-feira 05/11,,Processos de separação; Termoquímica
T295,BIOMOLECULES SOLUBILITY IN CHOLINIUM CHLORIDE AQUEOUS SOLUTIONS AT 298.15 K,"Grazielle Oliveira, Mariana C. G. C. Dias, Fernando Castro Leal, Fabiane O. Farias, Luciana Igarashi-Mafra, Marcos R. Mafra",SESSÃO PÔSTER B,,Terça-feira 05/11,,Processos de separação; Termoquímica
T297,MEASUREMENT AND MODELING OF WATER ACTIVITIES OF THE CuSO4 + PEG 2000 or 4000 + H2O SYSTEMS AT DIFFERENT TEMPERATURES,"Francisca Justel, Yecid P. Jimenez",SESSÃO PÔSTER B,,Terça-feira 05/11,,Processos de separação; Termoquímica
T305,EQUILÍBRIO DE FASES ENTRE MATRIZES LIPÍDICAS ALIMENTARES E VITAMINA E,"Sabrina Sarkis de Andrade, Antônio José de Almeida Meirelles, Guilherme José Maximo",SESSÃO PÔSTER B,,Terça-feira 05/11,,Processos de separação; Termoquímica
T312,CARACTERIZAÇÃO DOS PARÂMETROS DE INTERAÇÃO BINÁRIA DO SISTEMA ETANOL-ÁGUA-PROPILENOGLICOL ,"Hídila Souza Teixeira da Silva, Luana F. da Silva, Elisa Barbosa Marra, Marisa F. Mendes, Cristiane de S. S. Pereira",SESSÃO PÔSTER B,,Terça-feira 05/11,,Processos de separação; Termoquímica
T313,PROPRIEDADES FÍSICAS DE SOLUÇÕES AQUOSAS DE LÍQUIDOS IÔNICOS BASEADOS EM DIBUTILAMÔNIO,"Fábio Costa, Fernanda Paixão, Tainá Leal, José  Mário Ferreira Jr, Silvana Mattedi",SESSÃO PÔSTER B,,Terça-feira 05/11,,Processos de separação; Termoquímica
T314,THERMODYNAMICS STUDY OF PARTITION OF ANTHOCYANINS FROM AÇAI BY ATPS ETHANOL/AMMONIUM SULFATE,"Ana Cristina de Abreu Siqueira, Ivanildo José da Silva Júnior, Hosiberto Batista de Sant'Ana",SESSÃO PÔSTER B,,Terça-feira 05/11,,Processos de separação; Termoquímica
T315,MULTISTAGE EXTRACTION FOR REMOVAL OF SUGARS FROM AÇAI BY ATPS PEG 4000/AMMONIUM SULFATE,"Ana Cristina de Abreu Siqueira, Ivanildo José da Silva Júnior, Hosiberto Batista de Sant'Ana",SESSÃO PÔSTER B,,Terça-feira 05/11,,Processos de separação; Termoquímica
T009,ANÁLISE DO DESEMPENHO DO CICLO DE REFRIGERAÇÃO POR ABSORÇÃO UTILIZANDO ALCANOS,"Gabriela A. Morais, Matheus I. H. Silva, Luciana Y. A. Silva",SESSÃO PÔSTER C,,Quarta-feira 06/11,,Demais Áreas de Aplicação
T018,"ESTUDO EXPERIMENTAL DA VISCOSIDADE CINEMÁTICA DE SOLUÇÕES AQUOSAS ENVOLVENDO AÇUCARES NO INTERVALO ENTRE 303,15 K E 363,15 K","Karine Varnier, Alessandro Cazonatto Galvão, Webber da Silva Robazza, Caroline Azeredo Luiz de França,  Dilian Henrique Hagemann",SESSÃO PÔSTER C,,Quarta-feira 06/11,,Demais Áreas de Aplicação
T022,REACTIVE SEPARATION PROCESSES APPLIED TO BIODIESEL PRODUCTION BY SOLID ACID-CATALYZED ROUTE,"Allan A. Albuquerque, Flora T. T. Ng, Leandro Danielski, Luiz Stragevitch",SESSÃO PÔSTER C,,Quarta-feira 06/11,,Demais Áreas de Aplicação
T023,REACTIVE SEPARATION PROCESSES APPLIED TO BIODIESEL PRODUCTION FROM TALL OIL,"Allan A. Albuquerque, Flora T. T. Ng, Leandro Danielski, Luiz Stragevitch",SESSÃO PÔSTER C,,Quarta-feira 06/11,,Demais Áreas de Aplicação
T024,LIMITATIONS OF HARD GAUSSIAN OVERLAP PLUS SQUARE-WELL EQUATION OF STATE VERIFIED BY MONTE CARLO SIMULATIONS,"Joyce Tavares Lopes, Luís Fernando Mercier Franco",SESSÃO PÔSTER C,,Quarta-feira 06/11,,Demais Áreas de Aplicação
T039,DINÂMICA MOLECULAR DE ELETRÓLITOS BASEADOS EM LÍQUIDOS IÔNICOS APLICADOS A BATERIAS DE SÓDIO,"João V. L. Mota,  Tuanan C. Lourenço, Daniel Brandell, Luciano T. Costa",SESSÃO PÔSTER C,,Quarta-feira 06/11,,Demais Áreas de Aplicação
T045,EQUILÍBRIO DE FASE A ALTA PRESSÃO DOS SISTEMAS METANOL + GLICEROL + CO2 E METANOL + GLICEROL + NaOH + CO2.,"Bruno Miranda Nogueira, Papa Matar Ndiaye",SESSÃO PÔSTER C,,Quarta-feira 06/11,,Demais Áreas de Aplicação
T051,KRAFT LIGNIN SOLUBILITY AND ITS TIME-DEPENDENCE IN PROTIC IONIC LIQUIDS AQUEOUS SOLUTIONS,"Lívia C. G. Petrin, Rafael M. Dias, Mariana C. Costa",SESSÃO PÔSTER C,,Quarta-feira 06/11,,Demais Áreas de Aplicação
T053,ANÁLISE COMPARATIVA DE MÉTODOS DE ESTIMAÇÃO DE PROPRIEDADES TERMODINÂMICAS PARA COMPOSTOS PRESENTES EM PROCESSOS BIOTECNOLÓGICOS ,"Suzimara R. Silva, Túlio F. Anacleto, Esly F. Costa, Boutros Sarrouh, Andréa O. Costa",SESSÃO PÔSTER C,,Quarta-feira 06/11,,Demais Áreas de Aplicação
T055,VAPOR-LIQUID EQUILIBRIA FOR TWO BINARY SYSTEMS OF IONIC LIQUIDS + H2O THROUGH HYGROSCOPIC METHOD,"Anne C. Belusso, Rafael de P. Soares, Paula B. Staudt",SESSÃO PÔSTER C,,Quarta-feira 06/11,,Demais Áreas de Aplicação
T056,INFINITE DILUTION ACTIVITY COEFFICIENT OF SOLVENTS IN POLY-3-HYDROXYBUTYRATE FROM INVERSE GAS CHROMATOGRAPHY,"Maria Lina Strack, Anne C. Belusso, Lucas da S. Guadagnin, Débora J. L. Faccin, Nilo S. M. Cardozo, Rafael de P. Soares",SESSÃO PÔSTER C,,Quarta-feira 06/11,,Demais Áreas de Aplicação
T065,AVALIAÇÃO DO IMPACTO DA EXERGIA QUÍMICA NA ANÁLISE EXERGÉTICA DE UM FORNO ROTATIVO UTILIZADO PARA A PRODUÇÃO DE CLÍNQUER,"Túlio F. Anacleto, Suzimara R. Silva, Letícia F. Turetta, Andréa O. S. Costa",SESSÃO PÔSTER C,,Quarta-feira 06/11,,Demais Áreas de Aplicação
T066,MINIMIZAÇÃO DA ENERGIA DE GIBBS PARA A PREDIÇÃO DA COMPOSIÇÃO DOS GASES DE EXAUSTÃO DE UM FORNO DE CALCINAÇÃO ALIMENTADO COM RESÍDUOS TÊXTEIS E GÁS NATURAL COMO COMBUSTÍVEIS,"Tomás P. L. Camargos, Gabriela R. Niquini, Andréa O. S. Costa, Esly F. C. Júnior",SESSÃO PÔSTER C,,Quarta-feira 06/11,,Demais Áreas de Aplicação
T068,ABORDAGEM TERMODINÂMICA DA REAÇÃO DE GASEIFICAÇÃO COM ÁGUA SUPERCRITICA DO GLICEROL UTILIZANDO SUPERFÍCIES DE RESPOSTA,"Julles Mitoura dos Santos Junior, Annamaria Doria Souza Vidotti, Reginaldo Guirardello, Antonio Carlos Daltro de Freitas",SESSÃO PÔSTER C,,Quarta-feira 06/11,,Demais Áreas de Aplicação
T069,ANÁLISE DO CENÁRIO DE INIBIÇÃO DOS HIDRATOS DE GÁS NATURAL COM ÊNFASE NA MODELAGEM DE INIBIDORES TERMODINÂMICOS,"Ana C. G. Ferrari, André Zuber",SESSÃO PÔSTER C,,Quarta-feira 06/11,,Demais Áreas de Aplicação
T070,MODELAGEM MATEMÁTICA DAS TEMPERATURAS NORMAIS DE EBULIÇÃO DE ÁCIDOS GRAXOS E ÉSTERES METÍLICOS E ETÍLICOS,"Pedro Mendes Corrêa Daud, Marina Curi,  Joaquín Ariel Móron-Villarreyes, Eduardo da Rosa Silva",SESSÃO PÔSTER C,,Quarta-feira 06/11,,Demais Áreas de Aplicação
T078,EFEITO DO PH E TEMPERATURA NO COMPORTAMENTO DO EQUILÍBRIO LÍQUIDO-LÍQUIDO DE SISTEMAS AQUOSOS BIFÁSICO FORMADOS POR TRITON X- 114 + ÁGUA + SAL,"Otto A. Q. Jimenez, Bruno R. de Souza, Abimael C. Medeiros, Rodrigo C. Basso",SESSÃO PÔSTER C,,Quarta-feira 06/11,,Demais Áreas de Aplicação
T084,PONTOS CRÍTICOS E SUA CORRELAÇÃO COM OS COEFICIENTES DE PARTIÇÃO OCTANOL-ÁGUA DOS FORMADORES DE SISTEMAS AQUOSOS BIFÁSICOS,"Luan V. T. D. de Alencar, Lais M.S. Passos, Cleide M. F. Soares, Álvaro S. Lima, Ranyere L. Souza",SESSÃO PÔSTER C,,Quarta-feira 06/11,,Demais Áreas de Aplicação
T087,DETERMINAÇÃO DO PONTO FULGOR E DO VOLUME MOLAR DE EXCESSO DE MISTURAS BINÁRIAS CONTENDO D-LIMONENO,"Julcelly Dayara de Oliveira Henriques, Filipe Hobi Bordón Sosa, Patricia Fazzio Martins Martinez, Mariana Conceição da Costa",SESSÃO PÔSTER C,,Quarta-feira 06/11,,Demais Áreas de Aplicação
T093,DADOS EXPERIMENTAIS DO COMPORTAMENTO DE FASES DO SISTEMA TERNÁRIO {CO2 + CLOROFORMIO+ PHBV},"Rogerio Favareto, Paulo C. C. Araujo, Leandro Ferreira-Pinto, Pedro F. Arce, Lucio Cardozo-Filho",SESSÃO PÔSTER C,,Quarta-feira 06/11,,Demais Áreas de Aplicação
T094,DADOS DE EQUILÍBRIO DE FASES DO SISTEMA BINÁRIO {ROTENONA + CO2} ,"Leandro Ferreira-Pinto, Paulo C. C. Araujo, Gilson S. Croscato, Ossalin Almeida, Vladimir F. Cabral, Lucio Cardozo-Filho",SESSÃO PÔSTER C,,Quarta-feira 06/11,,Demais Áreas de Aplicação
T097,PREDIÇÃO DE PROPRIEDADES TERMOFÍSICAS DE MISTURAS BINÁRIAS AQUOSAS DE LÍQUIDOS IÔNICOS BASEADOS EM AMÔNIO COM USO DE REDES NEURAIS ARTIFICIAIS,"Alexandre S. Zimmermann, Silvana Mattedi",SESSÃO PÔSTER C,,Quarta-feira 06/11,,Demais Áreas de Aplicação
T112,"DENSIDADE, VELOCIDADE DO SOM E PROPRIEDADES DERIVADAS DE D-GLICOSE, D-GALACTOSE E D-LACTOSE EM SOLUÇÕES AQUOSAS DE BICARBONATO DE SÓDIO EM DIFERENTES TEMPERATURAS","AILTON FREITAS BALIEIRO FERREIRA, PETERSON YAMAGUSHI GOMES DE MEDEIROS, FREDERICO RIBEIRO DO CARMO, FILIPE XAVIER FEITOSA, HOSIBERTO BATISTA DE SANT'ANA",SESSÃO PÔSTER C,,Quarta-feira 06/11,,Demais Áreas de Aplicação
T113,ANÁLISE DO COMPORTAMENTO TÉRMICO DE FILMES COMPÓSITOS DE QUITOSANA E DIÓXIDO DE TITÂNIO,"Lourdes Akaho Etshindo, Angela Sanches Rocha , Lúcia R. Raddi de Araujo, Priscila Tamiasso-Martinhon, Célia R. Sousa da Silva ",SESSÃO PÔSTER C,,Quarta-feira 06/11,,Demais Áreas de Aplicação
T117,SÍNTESE E AVALIAÇÃO DA DECOMPOSIÇÃO TÉRMICA DE PEROXOCOMPLEXOS DE MOLIBDÊNIO,"Ariana Liporace Maia, Priscila Tamiasso Martinhon, Célia Regina Sousa da Silva, Alexandre Braga da Rocha, Angela Sanches Rocha",SESSÃO PÔSTER C,,Quarta-feira 06/11,,Demais Áreas de Aplicação
T121,MOLECULAR DYNAMICS SIMULATION DATA FOR SOME AQUEOUS AMINO ACIDS: VALIDATION AND RESULTS USING TWO DIFFERENT FORCE FIELDS,"Luiz Guilherme Lomônaco Germiniani, Luís Fernando Mercier Franco, Marisa Masumi Beppu",SESSÃO PÔSTER C,,Quarta-feira 06/11,,Demais Áreas de Aplicação
T130,MODELAGEM TERMODINÂMICA PARA EQUILÍBRIO SÓLIDO- SÓLIDO ISO-ESTRUTURAL EM SISTEMAS ADSORTIVOS DE LANGMUIR: ASPECTOS DA RESOLUÇÃO NUMÉRICA,"Iuri Soter Viana Segtovich, Vítor de Morais Sermoud, Amaro Gomes Barreto Jr., Frederico Wanderley Tavares",SESSÃO PÔSTER C,,Quarta-feira 06/11,,Demais Áreas de Aplicação
T131,MODELAGEM TERMODINÂMICA DO COMPORTAMENTO DE FASES FLUIDAS DE MONOCAMADAS DE LANGMUIR,"Gabriel Moraes Silva, Helen Conceição Ferraz, Frederico Wanderley Tavares",SESSÃO PÔSTER C,,Quarta-feira 06/11,,Demais Áreas de Aplicação
T139,CARBON NANOTHREAD-BASED MEMBRANES WITH STRAIN-TUNABLE PORE SIZES AND SELECTIVITIES,"Julian F.R.V. Silveira, André R. Muniz",SESSÃO PÔSTER C,,Quarta-feira 06/11,,Demais Áreas de Aplicação
T140,NANOFILAMENTOS DE CARBONO DERIVADOS DE HIDROCARBONETOS POLIAROMÁTICOS: UM ESTUDO COMPUTACIONAL Das PROPRIEDADES MECÂNICAS E POSSÍVEIS MECANISMOS DE SÍNTESE,"Pedro G. Demingos, André R. Muniz",SESSÃO PÔSTER C,,Quarta-feira 06/11,,Demais Áreas de Aplicação
T141,STUDY OF KRAFT LIGNIN SOLUBILITY IN CARBOXYLIC ACID DEEP EUTECTIC SOLVENTS AND THEIR AQUEOUS SOLUTIONS,"Filipe H. B. Sosa, Mariana C. da Costa, André M. da Costa Lopes, João A. P. Coutinho",SESSÃO PÔSTER C,,Quarta-feira 06/11,,Demais Áreas de Aplicação
T142,ANÁLISE DAS PROPRIEDADES ESTRUTURAIS DE C-DOTS VIA SIMULAÇÕES DE DINÂMICA MOLECULAR,"Matheus T. Novôa, Deise B. Froelich, Cláudio A. Perottoni, André R. Muniz",SESSÃO PÔSTER C,,Quarta-feira 06/11,,Demais Áreas de Aplicação
T145,LIQUID-LIQUID EQUILIBRIUM FOR GAMMA-VALEROLACTONE + N-TETRADECANE + TRIACETIN AT 298.15 K,"Lucas F. F. Corrêa, Rafael P. Soares, Bruna E. R. Paz, Roberta Ceriani",SESSÃO PÔSTER C,,Quarta-feira 06/11,,Demais Áreas de Aplicação
T148,UTILIZAÇÃO DE LÍQUIDOS IÔNICOS PRÓTICOS NO PRÉ-TRATAMENTO DE RESÍDUO DE FIBRA DE SISAL VISANDO A ADSORÇÃO DE ÓLEO ,"Kalyane Klys Alves dos Santos, Alane Pinto Santos, Ana Cristina Morais da Silva,  Silvana Mattedi e Silva",SESSÃO PÔSTER C,,Quarta-feira 06/11,,Demais Áreas de Aplicação
T151,EQUILÍBRIO LÍQUIDO-LÍQUIDO DO SISTEMA ACETONITRILA-ÁGUA-LÍQUIDO IÔNICO BASEADO NO ÂNION DIHIDROGENOCITRATO ,"Ádila Santos, Rafael Dantas, Jarlon Costa, Fernanda Ganem, Isabela Sales, Silvana Mattedi",SESSÃO PÔSTER C,,Quarta-feira 06/11,,Demais Áreas de Aplicação
T152,CALCULATION OF THERMODYNAMIC PROPERTIES FROM MOLECULAR CONNECTIVITY INDEX.  STANDARD HEAT CAPACITY AND STANDARD ENTHALPY OF FORMATION ,"L. Cesa, M.K. Lenzi, T.D.S. Mascarenhas, P.M. Ndiaye",SESSÃO PÔSTER C,,Quarta-feira 06/11,,Demais Áreas de Aplicação
T155,THE ELECTROSTATIC BEHAVIOR OF SACCHAROMYCES CEREVISIAE YEAST CELL,"Ana C. C. de Araujo, Nathalia S. V. Barbosa, Eduardo R. A. Lima",SESSÃO PÔSTER C,,Quarta-feira 06/11,,Demais Áreas de Aplicação
T162,"ON THE  THERMODYNAMICS, STRUCTURE AND DYNAMICS PROPERTIES OF THE MIXTURE OF [BMIM][TFSI] IONIC LIQUID AND WATER","Gabriel J. C. Araujo,  Tuanan C. Lourenço, Daniel Brandell, Luciano T. Costa",SESSÃO PÔSTER C,,Quarta-feira 06/11,,Demais Áreas de Aplicação
T163,ESTUDO DA ESTABILIDADE DE ESPUMAS ENVOLVENDO TENSOATIVOS NÃO-IÔNICOS,"Ana Luiza F. de Lima, João Victor C. do Nascimento, Eduardo R. de A. Lima, Cynthia F. Scofield",SESSÃO PÔSTER C,,Quarta-feira 06/11,,Demais Áreas de Aplicação
T167,DESCRIÇÃO DA DINÂMICA DE COLETORES SOLAR PARA AQUECIMENTO DE ÁGUA SALOBRA OU SALGADA,"Inara M. Nogueira, Bruno L. O. Campos, Mariana M. C. Fraga, Esly F. C. Junior, Andréa O. S. Costa",SESSÃO PÔSTER C,,Quarta-feira 06/11,,Demais Áreas de Aplicação
T172,ESTUDO COMPARATIVO DA DISTRIBUIÇÃO DE TAMANHO DE MICELAS E DO POTENCIAL ZETA DE SOLUÇÕES AQUOSAS DE TENSOATIVOS.,"Paula C. dos Reis, Eduardo R. A. Lima",SESSÃO PÔSTER C,,Quarta-feira 06/11,,Demais Áreas de Aplicação
T174,STUDY OF BIOCOMPOUNDS SOLUBILITY IN ILS USING COSMO-SAC,"Danilo de A. Pontes, Eduarda N. Pelisser, Rafael de P. Soares, Silvana Mattedi",SESSÃO PÔSTER C,,Quarta-feira 06/11,,Demais Áreas de Aplicação
T176,HIDROTALCITA BASEADA EM Cu Al USADA COMO NANOFLUIDO EM TROCADOR DE CALOR TIPO PLACAS,"C. Mansur, J. Huertas",SESSÃO PÔSTER C,,Quarta-feira 06/11,,Demais Áreas de Aplicação
T178,EFFECT OF WATER CONTENT ON THE HIGH-PRESSURE ?-CAPROLACTONE-CARBON DIOXIDE-DICHLOROMETHANE PHASE EQUILIBRIUM DATA,"Diego A. Mayer, Evertan A. Rebelatto, Marcelo Lanza, Papa Matar Ndiaye, Débora de Oliveira, Selene M. A. G. U. de Souza",SESSÃO PÔSTER C,,Quarta-feira 06/11,,Demais Áreas de Aplicação
T181,ESTUDO TERMODINÂMICO PARA A GERAÇÃO DE ELETRICIDADE A PARTIR DA CASCA DE COCO VERDE,"Cereja Matheus, Huertas F. Jhonny",SESSÃO PÔSTER C,,Quarta-feira 06/11,,Demais Áreas de Aplicação
T186,ENSINO DE TERMODINÂMICA POR MEIO DA SALA DE AULA INVERTIDA: USO DE ARTIGOS SOBRE TEMAS TRANSVERSAIS,"Adriane Elise Maia, Celia Sousa, Angela Sanches Rocha, Priscila Tamiasso Martinhon",SESSÃO PÔSTER C,,Quarta-feira 06/11,,Demais Áreas de Aplicação
T188,TERMODINÂMICA E EQUILÍBRIO QUÍMICO: ANÁLISE DA APRENDIZAGEM NOS CURSOS DE LICENCIATURA E BACHARELADO EM QUÍMICA DA UNIVERSIDADE FEDERAL DO OESTE DA BAHIA,"Larissa Soares de  Araújo, Dayton Fernando Padim, Cristine E. A. Carneiro",SESSÃO PÔSTER C,,Quarta-feira 06/11,,Demais Áreas de Aplicação
T191,INTERAÇÕES ENTRE PROTEÍNAS E APTÂMEROS - UM ESTUDO DE DINÂMICA MOLECULAR,"Rafael R. Romeiro, Pedro A. Pessoa Filho",SESSÃO PÔSTER C,,Quarta-feira 06/11,,Demais Áreas de Aplicação
T215,PREDICTING DENSITIES OF TRIACYLGLYCEROLS AND VEGETABLES OILS BY MONTE CARLO SIMULATIONS,"Perci O. B. Homrich, Pedro A. Pessôa Filho",SESSÃO PÔSTER C,,Quarta-feira 06/11,,Demais Áreas de Aplicação
T220,EFEITO ELASTOCALÓRICO EM NANOTUBOS DE CARBONO POR SIMULAÇÕES DE DINÂMICA MOLECULAR,"Augusto M. Christmann, André R. Muniz",SESSÃO PÔSTER C,,Quarta-feira 06/11,,Demais Áreas de Aplicação
T221,ESTUDO DA PIRÓLISE DE AMINOÁCIDOS EM ALTA PRESSÃO USANDO SIMULAÇÕES DE DINÂMICA MOLECULAR REATIVA ,"Augusto M. Christmann, Alan A. Chequim, Maria A. Puerto, Naira M. Balzaretti, André R. Muniz",SESSÃO PÔSTER C,,Quarta-feira 06/11,,Demais Áreas de Aplicação
T222,ANÁLISE COMPUTACIONAL DA PIRÓLISE DE POLI(ÉTER-IMIDA) PARA PRODUÇÃO DE MEMBRANAS DE CARBONO  ,"Augusto M. Christmann, Janice B.S. Hamm, Liliane D. Pollo, Nilson R. Marcilio, Isabel C. Tessaro, Andre R. Muniz",SESSÃO PÔSTER C,,Quarta-feira 06/11,,Demais Áreas de Aplicação
T223,SELEÇÃO DE FLUIDO DE TRABALHO PARA APLICAÇÃO EM CICLO RANKINE ORGÂNICO PARA CONDIÇÕES CLIMÁTICAS DA REGIÃO OESTE DA BAHIA,"João Damasceno Xavier Neto, Anderson Breno Souza, Antônio Oliveira de Souza",SESSÃO PÔSTER C,,Quarta-feira 06/11,,Demais Áreas de Aplicação
T229,PREDIÇÃO DE DENSIDADE DE LIQUIDOS IÔNICOS PRÓTICOS: PROPOSIÇÃO DE CAMPO DE FORÇA SIMPLIFICADO,"Paulo Henrique R. Silva, Lucienne L. Romanielo",SESSÃO PÔSTER C,,Quarta-feira 06/11,,Demais Áreas de Aplicação
T238,EVALUATION OF ASPEN PLUS REGRESSION TOOL TO OBTAIN PC-SAFT PURE COMPONENT PARAMETERS FOR ACETIC ACID,"Filipe dos Santos Araujo, Rafael Tini C. S. Ribeiro, Márcio Luis Lyra Paredes",SESSÃO PÔSTER C,,Quarta-feira 06/11,,Demais Áreas de Aplicação
T239,EVALUATION OF PC-SAFT AND CPA IN MODELING A WIDE RANGE OF M-/O-/P-CRESOL PROPERTIES,"Rafael T. C. S. Ribeiro, André L. Alberton, Márcio Luis Lyra Paredes",SESSÃO PÔSTER C,,Quarta-feira 06/11,,Demais Áreas de Aplicação
T254,OBTENÇÃO DE PARÂMETROS DE ATIVAÇÃO VISCOSA ATRAVÉS DA EQUAÇÃO DE EYRING PARA SUBSTÂNICIAS PURAS: LÍQUIDOS IÔNICOS E ALCANOS,"Lucas J. dos Santos, Luis Alonso Espinoza-Velasquez, João A. P. Coutinho, Fabricio, Simone Monteiro e Silva",SESSÃO PÔSTER C,,Quarta-feira 06/11,,Demais Áreas de Aplicação
T264,ANÁLISE EXPERIMENTAL DA TRANSFERÊNCIA DE CALOR USANDO NANOFLUIDO DE GRAFENO/ÁGUA EM UM TROCADOR  DE CALOR CASCO E TUBO,"Carlos Cleoton Xaxá da Silva Lima, Julia Mikaelle Gomes de Andrade Ferreira, José Ângelo Peixoto da Costa, Álvaro Antônio Ochoa Villa, Frederico Duarte de Menezes  ",SESSÃO PÔSTER C,,Quarta-feira 06/11,,Demais Áreas de Aplicação
T265,ANÁLISE EXPERIMENTAL DA TRANSFERÊNCIA DE CALOR USANDO NANOFLUIDO DE GRAFENO/ÁGUA EM UM TROCADOR  DE CALOR DE TUBO DUPLO,"Júlia Mikaelle Gomes de Andrade Ferreira, Carlos Cleoton Xaxá da Silva Lima,  Jacek Stanislaw Michalewicz, José Ángelo Peixoto da Costa, Álvaro Antônio Ochoa Villa , Frederico Duarte de Menezes ",SESSÃO PÔSTER C,,Quarta-feira 06/11,,Demais Áreas de Aplicação
T287,THERMODYNAMICS STUDY OF PARTITION OF ANTHOCYANINS FROM AÇAI BY ATPS ETHANOL/AMMONIUM SULFATE,"Siqueira, ACA, Silva Júnior, IJ, SantAna, HB",SESSÃO PÔSTER C,,Quarta-feira 06/11,,Demais Áreas de Aplicação
T288,MULTISTAGE EXTRACTION FOR REMOVAL OF SUGARS FROM AÇAI BY ATPS PEG 4000/AMMONIUM SULFATE,"Siqueira, ACA, Silva Júnior, IJ, SantAna, HB",SESSÃO PÔSTER C,,Quarta-feira 06/11,,Demais Áreas de Aplicação
T296,DENSITY AND VISCOSITY OF DEEP EUTECTIC SOLVENT COMPOSED BY CHOLINIUM CHLORIDE AND SORBOSE,"Mariana C. G. C. Dias, Grazielle Oliveira, Mariana C. da Costa, Luciana I. Mafra, Marcos R. Mafra",SESSÃO PÔSTER C,,Quarta-feira 06/11,,Demais Áreas de Aplicação
T300,CARACTERIZAÇÃO TERMOFÍSICA DE CINCO SOLVENTES EUTÉTICOS FORMADOS POR CLORETO DE COLINA COMO HBA,"Fernanda P Pelaquim, Irede A. L. Dalmolin, Mariana C. Costa",SESSÃO PÔSTER C,,Quarta-feira 06/11,,Demais Áreas de Aplicação
T301,ESTUDO CINÉTICO E TERMODINÂMICO DA SÍNTESE DO OLEATO DE 2-ETILHEXILA CATALISADA POR LIPASE B DE candida antarctica IMOBILIZADA EM COPOLÍMEROS MAGNÉTICOS,"Amanda Bahia de Souza, Mateus Vinícius Casagrande  da Silva, Heizir Ferreira de Castro, Larissa de Freitas",SESSÃO PÔSTER C,,Quarta-feira 06/11,,Demais Áreas de Aplicação
T302,CINÉTICA DE ADSORÇÃO DO AMINOÁCIDO ALFA-ALANINA EM OLIVINA PARA ESTUDO EM QUÍMICA PREBIÓTICA,"Elâyny Hellen Souza Soares, Cristine Elizabeth Alvarenga Carneiro",SESSÃO PÔSTER C,,Quarta-feira 06/11,,Demais Áreas de Aplicação
T303,DEEP EUTECTIC SOLVENTS À BASE DE CLORETO DE COLINA NA EXTRAÇÃO DE COMPOSTOS FENÓLICOS DE RESÍDUOS DA PRODUÇÃO DO AZEITE DE OLIVA,"Paula Virginia de Almeida Pontes, Isabella Ayumi Shiwaku, Guilherme José Maximo, Eduardo Augusto Caldas Batista",SESSÃO PÔSTER C,,Quarta-feira 06/11,,Demais Áreas de Aplicação
T306,PHASE BEHAVIOUR OF THE {CO2 + ACETONE + PLURONIC F-127} SYSTEM AT HIGH-PRESSURES,"Leandro Ferreira-Pinto, Paulo C. C. Araújo, Marleny D. A. Saldaña, Pedro F. Arce, Lúcio Cardozo-Filho",SESSÃO PÔSTER C,,Quarta-feira 06/11,,Demais Áreas de Aplicação
T309,STRUCTURE PREDICTION OF MICELLE FORMATION USING MOLECULAR THERMODYNAMIC MODELING FOR A NONIONIC SURFACTANT,"Marlon de Souza Gama, Gabriel Duarte Barbosa, Carla Luciane Manske Camargo, Frederico Wanderley Tavares",SESSÃO PÔSTER C,,Quarta-feira 06/11,,Demais Áreas de Aplicação
T316,TERMODINÂMICA E EQUILÍBRIO QUÍMICO: ANÁLISE DA APRENDIZAGEM NOS CURSOS DE LICENCIATURA E BACHARELADO EM QUÍMICA DA UNIVERSIDADE FEDERAL DO OESTE DA BAHIA,"Larissa Soares de Araújo, Dayton Fernando Padim, Cristine E. A. Carneiro",SESSÃO PÔSTER C,,Quarta-feira 06/11,,Demais Áreas de Aplicação
T321,OBTAIN OF BIOACTIVE COMPOUNDS FROM SOURSOP LEAVES (Annona muricata L.) WITH DEEP EUTECTIC SOLVENTS BY ULTRASOUND-ASSISTED EXTRACTION WAVES,"Fernando Castro Leal, Fabiane Oliveira Farias, Grazielle Oliveira, Luciana Igarashi-Mafra, Marcos R. Mafra",SESSÃO PÔSTER C,,Quarta-feira 06/11,,Demais Áreas de Aplicação
UNK01,REFLEXÕES SOBRE DIFERENTES ANÁLISES DE PROCESSOS EMPREGANDO EXERGIA,Profa.  Andréa Oliveira Souza da Costa (UFMG),Sessão Oral 1A,,Segunda-feira 04/11  (15:00 - 15:30h),,
UNK02,TÍTULO À DEFINIR,"Profas. Roberta Ceriani (UNICAMP),  Simone Monteiro e Silva (UnB) e  Dr.  Maria Carolina Capellini (USP)",Keynote,,Segunda-feira 04/11  (18:30 - 19:00h),,
T002,PHASE EQUILIBRIA DATA AND THERMODYNAMIC ANALYSIS FOR LIQUID-HYDRATE-VAPOR (LHV) DATA WITH HIGH CONCENTRATIONS OF ETHANOL,"Ingrid A. Oliveira, Amaro G. Barreto Jr., Frederivo W. Tavares, Amadeu K. Sum",Sessão Oral 2A  ,,Terça-feira 05/11  (14:30 - 15:30h),,
T037,"THERMODYNAMIC PROPERTIES OF CH4 + CO2 AND CH4 + N2 BINARY MIXTURES CONFINED IN BARITE, CALCITE AND MONTMORILLONITE NANOPORES BY MOLECULAR DYNAMICS","Yamara M. Oliveira, Frederico W. Tavares, Charlles R. A. Abreu",Sessão Oral 2A  ,,Terça-feira 05/11  (14:30 - 15:30h),,
T161,CONCENTRATION AND SOLVENT EFFECTS ON ASPHALTENE AGGREGATION,"Fellipe Carvalho de Oliveira, Shaghayegh Khani, João Manuel Luís Lopez Maia, Frederico Wanderley Tavares",Sessão Oral 2A  ,,Terça-feira 05/11  (14:30 - 15:30h),,
T025,ESTUDO DAS PROPRIEDADES TERMODINÂMICAS DO HIDROGÊNIO POR SIMULAÇÕES DE DINÂMICA MOLECULAR,"Rodrigo Amaral Coutinho Bartolomeu, Luís Fernando Mercier Franco",Sessão Oral 2B ,,Terça-feira 05/11  (17:30 - 18:30h),,
T021,PHASE EQUILIBRIUM MODELING FOR TRANSESTERIFICATION AND ESTERIFICATION SYSTEMS,"Allan A Albuquerque, Flora T. T. Ng, Leandro Danielski, Luiz Stragevitch",Sessão Oral 2B ,,Terça-feira 05/11  (17:30 - 18:30h),,
T083,SISTEMAS AQUOSOS BIFÁSICOS BASEADOS EM SOLVENTES ORGÂNICOS E LÍQUIDOS IÔNICOS A BASE DE COLINA PARA RECUPERAÇÃO DO CORANTE AZUL DE METILENO,"Luan Vittor Tavares Duarte de Alencar, Lais M.S. Passos, Cleide M. F. Soares, Álvaro S. Lima, Ranyere L. Souza",Sessão Oral 2B ,,Terça-feira 05/11  (17:30 - 18:30h),,
T088,PREDIÇÃO DA SOLUBILIDADE DE CO2 EM LÍQUIDOS IÔNICOS UTILIZANDO EQUAÇÕES DA FAMÍLIA SAFT,"Marlon L. Carvalho, Marcio L. L. Paredes, Rodrigo A. Reis, Silvana Mattedi",Sessão Oral 3A ,,Quarta-feira 06/11 (14:30 - 15:30h),,
T071,AVALIAÇÃO DE PARÂMETROS CINÉTICOS E TERMODINÂMICOS PARA SIMULAÇÃO DA PRODUÇÃO DE BIODIESEL ETÍLICO DE PALMA,"Mateus F. Souza, Gláucia F. Hirata, Eduardo A. C. Batista",Sessão Oral 3A ,,Quarta-feira 06/11 (14:30 - 15:30h),,
T179,PHASE EQUILIBRIUM DATA OF ?-PENTADECALACTONE POLYMERIZATION REACTION AT HIGH PRESSURES,"Juliane C. Nascimento, Davi G. L. Girardi, Diego A. Mayer, Evertan A. Rebelatto, Papa Matar Ndiaye, Marcelo Lanza",Sessão Oral 3A ,,Quarta-feira 06/11 (14:30 - 15:30h),,
UNK03,DESCOBRINDO NOVOS MATERIAIS E ENTENDENDO NOVOS PROCESSOS USANDO SIMULAÇÃO MOLECULAR,Prof.  André Muniz (UFRGS),Keynote ,,Quarta-feira 06/11  (17:30 - 18:30h),,
UNK04,MODELING OF SOLID-FLUID EQUILIBRIA INVOLVING SOLID SOLUTIONS,"Prof. Marcelo Zabaloy  (UNC, Argentina)",Keynote ,,Quarta-feira 06/11  (17:30 - 18:30h),,
